{
	"class_name" : "PinholeCameraParameters",
	"extrinsic" : 
	[
		-0.12656507639394624,
		-0.10143755164343198,
		0.9867581793701945,
		0.0,
		-0.99189763908859185,
		0.023943343095028258,
		-0.12476293476794953,
		0.0,
		-0.010970643001775986,
		-0.99455373883869147,
		-0.10364605903799601,
		0.0,
		4.4270111551860483,
		8.7469307846292743,
		15.968891304233539,
		1.0
	],
	"intrinsic" : 
	{
		"height" : 1025,
		"intrinsic_matrix" : 
		[
			887.67603887904966,
			0.0,
			0.0,
			0.0,
			887.67603887904966,
			0.0,
			926.0,
			512.0,
			1.0
		],
		"width" : 1853
	},
	"version_major" : 1,
	"version_minor" : 0
}